OMNIA,2019
AFE,2678.1985901432045
AFN,10972.546781565283
AFW,2626.167286606156
AFZ,7129.559921605086
ANZ,45704.79743331553
ASC,12176.448883884133
ASE,13520.106367957116
ASO,5611.513430550209
BRA,13995.349996883446
CAN,43915.42515957641
CHL,21636.275486851
CHN,16020.852491367066
ENE,13243.955091798027
ENW,44568.94177289523
EUE,29213.41532262382
EUM,36603.43268615772
EUW,49843.754158195574
IDN,10279.458204881503
IND,5960.379425548035
JPN,40747.5776187712
LAM,12053.467177686854
MDA,26205.001088677684
MEA,21166.657347165696
MEX,18013.691822057393
NIG,5028.786796948728
RUS,25034.40236479227
SKT,44060.71692138184
USA,58296.23839809054
